<?xml version="1.0" encoding="UTF-8"?><?xml-stylesheet type='text/xsl' href='_UpgradeReport_Files/UpgradeReport.xslt'?><UpgradeLog>
<Properties><Property Name="Solution" Value="Chart3DLib">
</Property><Property Name="Solution File" Value="E:\Tailieu\Ebooks\CSharp\Practical C# Charts and Graphics\Examples\Examples\Chart3DLib\Chart3DLib.sln">
</Property><Property Name="User Options File" Value="E:\Tailieu\Ebooks\CSharp\Practical C# Charts and Graphics\Examples\Examples\Chart3DLib\Chart3DLib.suo">
</Property><Property Name="Date" Value="Monday, October 10, 2011">
</Property><Property Name="Time" Value="10:34 AM">
</Property></Properties><Event ErrorLevel="0" Project="" Source="Chart3DLib.sln" Description="File successfully backed up as E:\Tailieu\Ebooks\CSharp\Practical C# Charts and Graphics\Examples\Examples\Chart3DLib\Backup\Chart3DLib.sln">
</Event><Event ErrorLevel="0" Project="" Source="Chart3DLib.suo" Description="File successfully backed up as E:\Tailieu\Ebooks\CSharp\Practical C# Charts and Graphics\Examples\Examples\Chart3DLib\Backup\Chart3DLib.suo">
</Event><Event ErrorLevel="0" Project="Chart3DLib" Source="Chart3DLib\Chart3DLib.csproj" Description="Project file successfully backed up as E:\Tailieu\Ebooks\CSharp\Practical C# Charts and Graphics\Examples\Examples\Chart3DLib\Backup\Chart3DLib\Chart3DLib.csproj">
</Event><Event ErrorLevel="0" Project="Chart3DLib" Source="Chart3DLib\BarStyle.cs" Description="File successfully backed up as E:\Tailieu\Ebooks\CSharp\Practical C# Charts and Graphics\Examples\Examples\Chart3DLib\Backup\Chart3DLib\BarStyle.cs">
</Event><Event ErrorLevel="0" Project="Chart3DLib" Source="Chart3DLib\ChartFunctions.cs" Description="File successfully backed up as E:\Tailieu\Ebooks\CSharp\Practical C# Charts and Graphics\Examples\Examples\Chart3DLib\Backup\Chart3DLib\ChartFunctions.cs">
</Event><Event ErrorLevel="0" Project="Chart3DLib" Source="Chart3DLib\ChartStyle.cs" Description="File successfully backed up as E:\Tailieu\Ebooks\CSharp\Practical C# Charts and Graphics\Examples\Examples\Chart3DLib\Backup\Chart3DLib\ChartStyle.cs">
</Event><Event ErrorLevel="0" Project="Chart3DLib" Source="Chart3DLib\ChartStyle2D.cs" Description="File successfully backed up as E:\Tailieu\Ebooks\CSharp\Practical C# Charts and Graphics\Examples\Examples\Chart3DLib\Backup\Chart3DLib\ChartStyle2D.cs">
</Event><Event ErrorLevel="0" Project="Chart3DLib" Source="Chart3DLib\ColorMap.cs" Description="File successfully backed up as E:\Tailieu\Ebooks\CSharp\Practical C# Charts and Graphics\Examples\Examples\Chart3DLib\Backup\Chart3DLib\ColorMap.cs">
</Event><Event ErrorLevel="0" Project="Chart3DLib" Source="Chart3DLib\DataSeries.cs" Description="File successfully backed up as E:\Tailieu\Ebooks\CSharp\Practical C# Charts and Graphics\Examples\Examples\Chart3DLib\Backup\Chart3DLib\DataSeries.cs">
</Event><Event ErrorLevel="0" Project="Chart3DLib" Source="Chart3DLib\DrawChart.cs" Description="File successfully backed up as E:\Tailieu\Ebooks\CSharp\Practical C# Charts and Graphics\Examples\Examples\Chart3DLib\Backup\Chart3DLib\DrawChart.cs">
</Event><Event ErrorLevel="0" Project="Chart3DLib" Source="Chart3DLib\LineStyle.cs" Description="File successfully backed up as E:\Tailieu\Ebooks\CSharp\Practical C# Charts and Graphics\Examples\Examples\Chart3DLib\Backup\Chart3DLib\LineStyle.cs">
</Event><Event ErrorLevel="0" Project="Chart3DLib" Source="Chart3DLib\Matrix3.cs" Description="File successfully backed up as E:\Tailieu\Ebooks\CSharp\Practical C# Charts and Graphics\Examples\Examples\Chart3DLib\Backup\Chart3DLib\Matrix3.cs">
</Event><Event ErrorLevel="0" Project="Chart3DLib" Source="Chart3DLib\Point3.cs" Description="File successfully backed up as E:\Tailieu\Ebooks\CSharp\Practical C# Charts and Graphics\Examples\Examples\Chart3DLib\Backup\Chart3DLib\Point3.cs">
</Event><Event ErrorLevel="0" Project="Chart3DLib" Source="Chart3DLib\Point4.cs" Description="File successfully backed up as E:\Tailieu\Ebooks\CSharp\Practical C# Charts and Graphics\Examples\Examples\Chart3DLib\Backup\Chart3DLib\Point4.cs">
</Event><Event ErrorLevel="0" Project="Chart3DLib" Source="Chart3DLib\Chart3D.cs" Description="File successfully backed up as E:\Tailieu\Ebooks\CSharp\Practical C# Charts and Graphics\Examples\Examples\Chart3DLib\Backup\Chart3DLib\Chart3D.cs">
</Event><Event ErrorLevel="0" Project="Chart3DLib" Source="Chart3DLib\Chart3D.Designer.cs" Description="File successfully backed up as E:\Tailieu\Ebooks\CSharp\Practical C# Charts and Graphics\Examples\Examples\Chart3DLib\Backup\Chart3DLib\Chart3D.Designer.cs">
</Event><Event ErrorLevel="0" Project="Chart3DLib" Source="Chart3DLib\Properties\AssemblyInfo.cs" Description="File successfully backed up as E:\Tailieu\Ebooks\CSharp\Practical C# Charts and Graphics\Examples\Examples\Chart3DLib\Backup\Chart3DLib\Properties\AssemblyInfo.cs">
</Event><Event ErrorLevel="0" Project="Chart3DLib" Source="Chart3DLib\Chart3D.resx" Description="File successfully backed up as E:\Tailieu\Ebooks\CSharp\Practical C# Charts and Graphics\Examples\Examples\Chart3DLib\Backup\Chart3DLib\Chart3D.resx">
</Event><Event ErrorLevel="0" Project="Chart3DLib" Source="Chart3DLib\Chart3DLib.csproj" Description="Project converted successfully">
</Event><Event ErrorLevel="3" Project="Chart3DLib" Source="Chart3DLib\Chart3DLib.csproj" Description="Converted">
</Event><Event ErrorLevel="0" Project="Test" Source="Test\Test.csproj" Description="Project file successfully backed up as E:\Tailieu\Ebooks\CSharp\Practical C# Charts and Graphics\Examples\Examples\Chart3DLib\Backup\Test\Test.csproj">
</Event><Event ErrorLevel="0" Project="Test" Source="Test\Form1.cs" Description="File successfully backed up as E:\Tailieu\Ebooks\CSharp\Practical C# Charts and Graphics\Examples\Examples\Chart3DLib\Backup\Test\Form1.cs">
</Event><Event ErrorLevel="0" Project="Test" Source="Test\Form1.Designer.cs" Description="File successfully backed up as E:\Tailieu\Ebooks\CSharp\Practical C# Charts and Graphics\Examples\Examples\Chart3DLib\Backup\Test\Form1.Designer.cs">
</Event><Event ErrorLevel="0" Project="Test" Source="Test\Program.cs" Description="File successfully backed up as E:\Tailieu\Ebooks\CSharp\Practical C# Charts and Graphics\Examples\Examples\Chart3DLib\Backup\Test\Program.cs">
</Event><Event ErrorLevel="0" Project="Test" Source="Test\Properties\AssemblyInfo.cs" Description="File successfully backed up as E:\Tailieu\Ebooks\CSharp\Practical C# Charts and Graphics\Examples\Examples\Chart3DLib\Backup\Test\Properties\AssemblyInfo.cs">
</Event><Event ErrorLevel="0" Project="Test" Source="Test\Properties\Resources.Designer.cs" Description="File successfully backed up as E:\Tailieu\Ebooks\CSharp\Practical C# Charts and Graphics\Examples\Examples\Chart3DLib\Backup\Test\Properties\Resources.Designer.cs">
</Event><Event ErrorLevel="0" Project="Test" Source="Test\Properties\Settings.Designer.cs" Description="File successfully backed up as E:\Tailieu\Ebooks\CSharp\Practical C# Charts and Graphics\Examples\Examples\Chart3DLib\Backup\Test\Properties\Settings.Designer.cs">
</Event><Event ErrorLevel="0" Project="Test" Source="Test\Properties\Settings.settings" Description="File successfully backed up as E:\Tailieu\Ebooks\CSharp\Practical C# Charts and Graphics\Examples\Examples\Chart3DLib\Backup\Test\Properties\Settings.settings">
</Event><Event ErrorLevel="0" Project="Test" Source="Test\Form1.resx" Description="File successfully backed up as E:\Tailieu\Ebooks\CSharp\Practical C# Charts and Graphics\Examples\Examples\Chart3DLib\Backup\Test\Form1.resx">
</Event><Event ErrorLevel="0" Project="Test" Source="Test\Properties\Resources.resx" Description="File successfully backed up as E:\Tailieu\Ebooks\CSharp\Practical C# Charts and Graphics\Examples\Examples\Chart3DLib\Backup\Test\Properties\Resources.resx">
</Event><Event ErrorLevel="0" Project="Test" Source="Test\Test.csproj" Description="Project converted successfully">
</Event><Event ErrorLevel="3" Project="Test" Source="Test\Test.csproj" Description="Converted">
</Event><Event ErrorLevel="0" Project="" Source="Chart3DLib.sln" Description="Solution converted successfully">
</Event><Event ErrorLevel="3" Project="" Source="Chart3DLib.sln" Description="Converted">
</Event><Event ErrorLevel="0" Project="Chart3DLib" Source="Chart3DLib\Chart3DLib.csproj" Description="Scan complete: Upgrade not required for project files.">
</Event><Event ErrorLevel="0" Project="Test" Source="Test\Test.csproj" Description="Scan complete: Upgrade not required for project files.">
</Event></UpgradeLog>